ONSConstID,ConstituencyName,RegionID,RegionName,CountryID,CountryName,DateOfThisUpdate,DateOfDataset,IMD rank 2019,IMD rank 2015,Change in rank since 2015,Number of LSOAs in most deprived decile,Share of LSOAs in most deprived decile,Income,Employment,"Education, skills and training",Health deprivation and disability,Crime,Barriers to housing and services,Living environment,IDACI,IDAOPI
E14000530,Aldershot,E12000008,South East,K04000001,England and Wales,26/09/2019,01/04/2016,384,394,-10,0,0%,378,445,236,328,266,328,481,391,217
E14000531,Aldridge-Brownhills,E12000005,West Midlands,K04000001,England and Wales,26/09/2019,01/04/2016,296,328,-32,1,2%,276,257,264,254,368,418,405,309,231
E14000532,Altrincham and Sale West,E12000002,North West,K04000001,England and Wales,26/09/2019,01/04/2016,491,496,-5,3,5%,461,441,526,364,448,500,398,502,413
E14000533,Amber Valley,E12000004,East Midlands,K04000001,England and Wales,26/09/2019,01/04/2016,255,264,-9,3,5%,240,206,117,234,346,480,260,218,265
E14000534,Arundel and South Downs,E12000008,South East,K04000001,England and Wales,26/09/2019,01/04/2016,470,479,-9,0,0%,500,498,449,493,460,95,340,503,519
E14000535,Ashfield,E12000004,East Midlands,K04000001,England and Wales,26/09/2019,01/04/2016,139,165,-26,10,16%,156,111,63,147,204,505,363,145,207
E14000536,Ashford,E12000008,South East,K04000001,England and Wales,26/09/2019,01/04/2016,297,319,-22,1,1%,307,335,233,416,256,79,414,294,343
E14000537,Ashton-under-Lyne,E12000002,North West,K04000001,England and Wales,26/09/2019,01/04/2016,59,86,-27,12,21%,91,67,111,25,137,518,162,97,120
E14000538,Aylesbury,E12000008,South East,K04000001,England and Wales,26/09/2019,01/04/2016,449,439,10,0,0%,430,446,291,487,381,215,508,431,449
E14000539,Banbury,E12000008,South East,K04000001,England and Wales,26/09/2019,01/04/2016,381,415,-34,0,0%,423,461,248,409,435,194,412,414,416
E14000540,Barking,E12000007,London,K04000001,England and Wales,26/09/2019,01/04/2016,66,47,19,2,3%,34,115,156,167,15,9,144,37,37
E14000541,Barnsley Central,E12000003,Yorkshire and The Humber,K04000001,England and Wales,26/09/2019,01/04/2016,94,108,-14,11,21%,122,58,43,57,185,529,393,144,161
E14000542,Barnsley East,E12000003,Yorkshire and The Humber,K04000001,England and Wales,26/09/2019,01/04/2016,75,79,-4,13,23%,96,33,19,40,155,522,474,88,155
E14000543,Barrow and Furness,E12000002,North West,K04000001,England and Wales,26/09/2019,01/04/2016,136,139,-3,12,20%,205,112,199,38,377,524,63,226,256
E14000544,Basildon and Billericay,E12000006,East of England,K04000001,England and Wales,26/09/2019,01/04/2016,239,220,19,2,4%,194,231,90,363,163,102,511,155,247
E14000545,Basingstoke,E12000008,South East,K04000001,England and Wales,26/09/2019,01/04/2016,390,401,-11,0,0%,394,407,254,357,348,296,522,366,403
E14000546,Bassetlaw,E12000004,East Midlands,K04000001,England and Wales,26/09/2019,01/04/2016,225,217,8,5,8%,252,173,120,162,242,352,336,253,291
E14000547,Bath,E12000009,South West,K04000001,England and Wales,26/09/2019,01/04/2016,447,417,30,2,4%,397,429,420,391,312,440,256,370,344
E14000548,Batley and Spen,E12000003,Yorkshire and The Humber,K04000001,England and Wales,26/09/2019,01/04/2016,142,186,-44,6,9%,197,170,102,187,197,311,112,274,170
E14000549,Battersea,E12000007,London,K04000001,England and Wales,26/09/2019,01/04/2016,345,299,46,0,0%,313,438,515,354,77,209,29,204,76
E14000550,Beaconsfield,E12000008,South East,K04000001,England and Wales,26/09/2019,01/04/2016,514,514,0,0,0%,514,522,486,530,289,295,486,499,524
E14000551,Beckenham,E12000007,London,K04000001,England and Wales,26/09/2019,01/04/2016,495,487,8,0,0%,480,489,509,512,248,160,401,457,495
E14000552,Bedford,E12000006,East of England,K04000001,England and Wales,26/09/2019,01/04/2016,212,206,6,4,6%,172,163,180,249,227,182,247,170,218
E14000553,Bermondsey and Old Southwark,E12000007,London,K04000001,England and Wales,26/09/2019,01/04/2016,163,111,52,2,3%,127,254,396,177,25,42,14,25,18
E14000554,Berwick-upon-Tweed,E12000001,North East,K04000001,England and Wales,26/09/2019,01/04/2016,275,297,-22,2,4%,329,256,259,304,531,68,255,336,335
E14000555,Bethnal Green and Bow,E12000007,London,K04000001,England and Wales,26/09/2019,01/04/2016,104,36,68,1,1%,21,147,301,91,6,14,16,8,1
E14000556,Beverley and Holderness,E12000003,Yorkshire and The Humber,K04000001,England and Wales,26/09/2019,01/04/2016,366,370,-4,3,5%,358,296,338,381,471,224,368,394,359
E14000557,Bexhill and Battle,E12000008,South East,K04000001,England and Wales,26/09/2019,01/04/2016,328,356,-28,2,3%,344,303,296,373,472,216,270,352,393
E14000558,Bexleyheath and Crayford,E12000007,London,K04000001,England and Wales,26/09/2019,01/04/2016,330,330,0,0,0%,282,308,271,413,212,187,390,229,377
E14000559,Birkenhead,E12000002,North West,K04000001,England and Wales,26/09/2019,01/04/2016,13,17,-4,29,53%,11,4,92,8,113,504,168,21,67
E14000560,"Birmingham, Edgbaston",E12000005,West Midlands,K04000001,England and Wales,26/09/2019,01/04/2016,83,93,-10,15,26%,109,144,292,160,133,24,81,75,101
E14000561,"Birmingham, Erdington",E12000005,West Midlands,K04000001,England and Wales,26/09/2019,01/04/2016,5,8,-3,36,60%,9,13,30,35,87,28,15,18,29
E14000562,"Birmingham, Hall Green",E12000005,West Midlands,K04000001,England and Wales,26/09/2019,01/04/2016,24,24,0,26,39%,18,39,122,128,125,17,28,79,20
E14000563,"Birmingham, Hodge Hill",E12000005,West Midlands,K04000001,England and Wales,26/09/2019,01/04/2016,2,2,0,52,79%,1,5,4,63,99,4,24,24,7
E14000564,"Birmingham, Ladywood",E12000005,West Midlands,K04000001,England and Wales,26/09/2019,01/04/2016,7,3,4,45,63%,3,23,40,66,38,1,12,9,2
E14000565,"Birmingham, Northfield",E12000005,West Midlands,K04000001,England and Wales,26/09/2019,01/04/2016,26,38,-12,26,40%,35,40,84,86,69,38,136,22,96
E14000566,"Birmingham, Perry Barr",E12000005,West Midlands,K04000001,England and Wales,26/09/2019,01/04/2016,36,40,-4,23,35%,45,65,113,143,142,21,33,92,35
E14000567,"Birmingham, Selly Oak",E12000005,West Midlands,K04000001,England and Wales,26/09/2019,01/04/2016,89,112,-23,12,19%,130,186,252,125,126,39,64,100,102
E14000568,"Birmingham, Yardley",E12000005,West Midlands,K04000001,England and Wales,26/09/2019,01/04/2016,19,21,-2,28,43%,30,49,48,93,62,25,23,48,43
E14000569,Bishop Auckland,E12000001,North East,K04000001,England and Wales,26/09/2019,01/04/2016,110,125,-15,9,16%,113,53,203,67,245,305,465,130,140
E14000570,Blackburn,E12000002,North West,K04000001,England and Wales,26/09/2019,01/04/2016,22,35,-13,28,43%,37,25,25,17,101,507,101,119,45
E14000571,Blackley and Broughton,E12000002,North West,K04000001,England and Wales,26/09/2019,01/04/2016,4,4,0,35,56%,7,11,22,4,21,122,123,27,14
E14000572,Blackpool North and Cleveleys,E12000002,North West,K04000001,England and Wales,26/09/2019,01/04/2016,50,73,-23,14,26%,83,26,160,15,129,527,154,112,129
E14000573,Blackpool South,E12000002,North West,K04000001,England and Wales,26/09/2019,01/04/2016,3,7,-4,26,47%,12,8,29,2,8,533,22,17,66
E14000574,Blaydon,E12000001,North East,K04000001,England and Wales,26/09/2019,01/04/2016,254,287,-33,2,4%,232,166,283,136,487,371,526,269,208
E14000575,Blyth Valley,E12000001,North East,K04000001,England and Wales,26/09/2019,01/04/2016,133,192,-59,11,21%,166,105,151,140,452,219,532,177,237
E14000576,Bognor Regis and Littlehampton,E12000008,South East,K04000001,England and Wales,26/09/2019,01/04/2016,245,260,-15,4,6%,267,242,108,220,281,238,374,255,310
E14000577,Bolsover,E12000004,East Midlands,K04000001,England and Wales,26/09/2019,01/04/2016,179,194,-15,3,5%,185,120,77,122,317,405,488,176,226
E14000578,Bolton North East,E12000002,North West,K04000001,England and Wales,26/09/2019,01/04/2016,60,90,-30,21,34%,93,72,150,76,168,363,163,143,119
E14000579,Bolton South East,E12000002,North West,K04000001,England and Wales,26/09/2019,01/04/2016,38,53,-15,20,31%,49,43,80,45,83,365,137,91,69
E14000580,Bolton West,E12000002,North West,K04000001,England and Wales,26/09/2019,01/04/2016,242,280,-38,5,8%,272,218,315,163,327,424,310,300,260
E14000581,Bootle,E12000002,North West,K04000001,England and Wales,26/09/2019,01/04/2016,16,18,-2,33,48%,13,3,81,14,151,528,83,40,31
E14000582,Boston and Skegness,E12000004,East Midlands,K04000001,England and Wales,26/09/2019,01/04/2016,112,118,-6,9,15%,164,127,42,131,230,192,130,200,182
E14000583,Bosworth,E12000004,East Midlands,K04000001,England and Wales,26/09/2019,01/04/2016,407,409,-2,0,0%,400,374,267,427,320,386,420,405,391
E14000584,Bournemouth East,E12000009,South West,K04000001,England and Wales,26/09/2019,01/04/2016,243,239,4,5,8%,249,221,278,253,170,367,111,291,197
E14000585,Bournemouth West,E12000009,South West,K04000001,England and Wales,26/09/2019,01/04/2016,234,232,2,4,7%,253,269,165,241,143,260,149,203,180
E14000586,Bracknell,E12000008,South East,K04000001,England and Wales,26/09/2019,01/04/2016,479,471,8,0,0%,439,456,365,468,403,213,531,424,405
E14000587,Bradford East,E12000003,Yorkshire and The Humber,K04000001,England and Wales,26/09/2019,01/04/2016,11,14,-3,39,58%,19,28,3,54,18,319,20,67,25
E14000588,Bradford South,E12000003,Yorkshire and The Humber,K04000001,England and Wales,26/09/2019,01/04/2016,29,41,-12,21,34%,55,66,24,71,22,415,94,61,89
E14000589,Bradford West,E12000003,Yorkshire and The Humber,K04000001,England and Wales,26/09/2019,01/04/2016,15,16,-1,27,43%,22,34,9,47,45,240,27,96,19
E14000590,Braintree,E12000006,East of England,K04000001,England and Wales,26/09/2019,01/04/2016,389,374,15,0,0%,364,362,205,434,380,111,391,365,351
E14000591,Brent Central,E12000007,London,K04000001,England and Wales,26/09/2019,01/04/2016,90,74,16,10,13%,53,139,250,286,37,6,87,35,33
E14000592,Brent North,E12000007,London,K04000001,England and Wales,26/09/2019,01/04/2016,262,263,-1,0,0%,239,359,421,397,109,11,196,252,82
E14000593,Brentford and Isleworth,E12000007,London,K04000001,England and Wales,26/09/2019,01/04/2016,283,278,5,1,1%,296,392,497,349,85,23,119,254,175
E14000594,Brentwood and Ongar,E12000006,East of England,K04000001,England and Wales,26/09/2019,01/04/2016,462,463,-1,0,0%,450,462,364,500,294,246,469,419,464
E14000595,Bridgwater and West Somerset,E12000009,South West,K04000001,England and Wales,26/09/2019,01/04/2016,205,229,-24,3,4%,257,236,129,300,391,146,89,233,321
E14000596,Brigg and Goole,E12000003,Yorkshire and The Humber,K04000001,England and Wales,26/09/2019,01/04/2016,323,314,9,1,2%,314,267,198,308,369,301,327,332,304
E14000597,"Brighton, Kemptown",E12000008,South East,K04000001,England and Wales,26/09/2019,01/04/2016,138,126,12,10,18%,144,148,83,135,201,97,220,129,130
E14000598,"Brighton, Pavilion",E12000008,South East,K04000001,England and Wales,26/09/2019,01/04/2016,326,279,47,3,5%,343,352,407,251,209,149,56,354,184
E14000599,Bristol East,E12000009,South West,K04000001,England and Wales,26/09/2019,01/04/2016,160,159,1,5,8%,184,153,105,178,86,283,150,198,187
E14000600,Bristol North West,E12000009,South West,K04000001,England and Wales,26/09/2019,01/04/2016,186,191,-5,6,10%,193,193,159,212,146,290,226,165,232
E14000601,Bristol South,E12000009,South West,K04000001,England and Wales,26/09/2019,01/04/2016,73,70,3,20,29%,90,116,33,92,57,340,165,60,107
E14000602,Bristol West,E12000009,South West,K04000001,England and Wales,26/09/2019,01/04/2016,221,175,46,10,14%,248,304,339,240,80,245,8,171,110
E14000603,Broadland,E12000006,East of England,K04000001,England and Wales,26/09/2019,01/04/2016,410,399,11,0,0%,433,395,285,435,528,75,352,455,430
E14000604,Bromley and Chislehurst,E12000007,London,K04000001,England and Wales,26/09/2019,01/04/2016,344,317,27,1,2%,281,325,428,418,124,112,350,249,331
E14000605,Bromsgrove,E12000005,West Midlands,K04000001,England and Wales,26/09/2019,01/04/2016,458,469,-11,0,0%,458,431,457,441,383,280,402,468,461
E14000606,Broxbourne,E12000006,East of England,K04000001,England and Wales,26/09/2019,01/04/2016,324,343,-19,0,0%,305,341,211,444,254,139,406,259,341
E14000607,Broxtowe,E12000004,East Midlands,K04000001,England and Wales,26/09/2019,01/04/2016,428,423,5,0,0%,374,347,418,377,349,526,282,373,364
E14000608,Buckingham,E12000008,South East,K04000001,England and Wales,26/09/2019,01/04/2016,506,509,-3,0,0%,528,529,506,514,479,69,442,529,511
E14000609,Burnley,E12000002,North West,K04000001,England and Wales,26/09/2019,01/04/2016,35,45,-10,23,38%,81,46,66,21,53,478,70,106,133
E14000610,Burton,E12000005,West Midlands,K04000001,England and Wales,26/09/2019,01/04/2016,271,275,-4,3,5%,299,282,177,250,352,442,98,306,313
E14000611,Bury North,E12000002,North West,K04000001,England and Wales,26/09/2019,01/04/2016,200,245,-45,6,11%,220,164,322,176,298,484,213,285,258
E14000612,Bury South,E12000002,North West,K04000001,England and Wales,26/09/2019,01/04/2016,201,235,-34,6,9%,201,146,345,153,207,485,215,266,210
E14000613,Bury St Edmunds,E12000006,East of England,K04000001,England and Wales,26/09/2019,01/04/2016,417,413,4,0,0%,437,451,295,412,455,118,386,435,435
E14000614,Calder Valley,E12000003,Yorkshire and The Humber,K04000001,England and Wales,26/09/2019,01/04/2016,258,296,-38,2,3%,311,261,414,235,276,456,77,334,309
E14000615,Camberwell and Peckham,E12000007,London,K04000001,England and Wales,26/09/2019,01/04/2016,115,68,47,3,4%,51,131,399,173,16,29,45,42,12
E14000616,Camborne and Redruth,E12000009,South West,K04000001,England and Wales,26/09/2019,01/04/2016,156,141,15,6,12%,174,142,257,170,296,129,21,235,165
E14000617,Cambridge,E12000006,East of England,K04000001,England and Wales,26/09/2019,01/04/2016,377,395,-18,0,0%,440,492,447,406,308,211,92,358,337
E14000618,Cannock Chase,E12000005,West Midlands,K04000001,England and Wales,26/09/2019,01/04/2016,264,256,8,2,3%,233,194,103,197,297,470,451,258,199
E14000619,Canterbury,E12000008,South East,K04000001,England and Wales,26/09/2019,01/04/2016,376,368,8,1,2%,367,396,332,329,286,147,362,318,356
E14000620,Carlisle,E12000002,North West,K04000001,England and Wales,26/09/2019,01/04/2016,218,209,9,4,7%,262,190,85,126,290,427,264,264,295
E14000621,Carshalton and Wallington,E12000007,London,K04000001,England and Wales,26/09/2019,01/04/2016,329,309,20,1,2%,270,312,343,346,134,316,257,243,301
E14000622,Castle Point,E12000006,East of England,K04000001,England and Wales,26/09/2019,01/04/2016,339,345,-6,1,2%,308,301,115,360,316,446,464,288,324
E14000623,Central Devon,E12000009,South West,K04000001,England and Wales,26/09/2019,01/04/2016,355,353,2,0,0%,390,385,411,407,511,103,39,423,389
E14000624,Central Suffolk and North Ipswich,E12000006,East of England,K04000001,England and Wales,26/09/2019,01/04/2016,391,392,-1,2,4%,421,428,320,456,470,130,201,438,426
E14000625,Charnwood,E12000004,East Midlands,K04000001,England and Wales,26/09/2019,01/04/2016,484,480,4,0,0%,460,464,374,455,306,426,462,458,439
E14000626,Chatham and Aylesford,E12000008,South East,K04000001,England and Wales,26/09/2019,01/04/2016,176,218,-42,7,12%,179,199,106,301,150,375,305,154,248
E14000627,Cheadle,E12000002,North West,K04000001,England and Wales,26/09/2019,01/04/2016,465,482,-17,1,2%,482,436,513,292,315,516,447,520,456
E14000628,Chelmsford,E12000006,East of England,K04000001,England and Wales,26/09/2019,01/04/2016,433,419,14,0,0%,392,386,350,446,340,294,417,360,433
E14000629,Chelsea and Fulham,E12000007,London,K04000001,England and Wales,26/09/2019,01/04/2016,327,302,25,2,3%,332,426,519,405,145,172,10,314,142
E14000630,Cheltenham,E12000009,South West,K04000001,England and Wales,26/09/2019,01/04/2016,395,373,22,2,3%,348,351,392,334,259,474,241,316,363
E14000631,Chesham and Amersham,E12000008,South East,K04000001,England and Wales,26/09/2019,01/04/2016,531,531,0,0,0%,523,512,517,533,418,344,521,523,531
E14000632,Chesterfield,E12000004,East Midlands,K04000001,England and Wales,26/09/2019,01/04/2016,183,185,-2,5,8%,182,121,181,77,293,403,413,212,206
E14000633,Chichester,E12000008,South East,K04000001,England and Wales,26/09/2019,01/04/2016,409,424,-15,0,0%,415,433,389,420,469,159,319,408,448
E14000634,Chingford and Woodford Green,E12000007,London,K04000001,England and Wales,26/09/2019,01/04/2016,298,247,51,0,0%,247,300,397,327,76,43,200,208,257
E14000635,Chippenham,E12000009,South West,K04000001,England and Wales,26/09/2019,01/04/2016,434,425,9,0,0%,401,376,331,395,445,250,477,390,443
E14000636,Chipping Barnet,E12000007,London,K04000001,England and Wales,26/09/2019,01/04/2016,406,365,41,0,0%,312,366,512,458,135,91,278,311,278
E14000637,Chorley,E12000002,North West,K04000001,England and Wales,26/09/2019,01/04/2016,314,305,9,3,5%,325,259,373,152,292,489,252,355,292
E14000638,Christchurch,E12000009,South West,K04000001,England and Wales,26/09/2019,01/04/2016,459,453,6,0,0%,414,373,358,463,489,221,495,395,473
E14000639,Cities of London and Westminster,E12000007,London,K04000001,England and Wales,26/09/2019,01/04/2016,336,234,102,0,0%,336,411,523,438,194,32,1,185,220
E14000640,City of Chester,E12000002,North West,K04000001,England and Wales,26/09/2019,01/04/2016,310,306,4,4,7%,315,274,347,229,252,416,277,320,286
E14000641,City of Durham,E12000001,North East,K04000001,England and Wales,26/09/2019,01/04/2016,309,321,-12,3,5%,330,284,383,144,397,330,523,293,296
E14000642,Clacton,E12000006,East of England,K04000001,England and Wales,26/09/2019,01/04/2016,46,58,-12,13,23%,67,17,31,78,148,393,271,36,195
E14000643,Cleethorpes,E12000003,Yorkshire and The Humber,K04000001,England and Wales,26/09/2019,01/04/2016,233,241,-8,6,10%,210,196,197,269,225,444,237,206,250
E14000644,Colchester,E12000006,East of England,K04000001,England and Wales,26/09/2019,01/04/2016,279,270,9,1,2%,256,286,243,238,179,214,343,221,269
E14000645,Colne Valley,E12000003,Yorkshire and The Humber,K04000001,England and Wales,26/09/2019,01/04/2016,287,301,-14,5,8%,302,266,376,290,284,351,96,323,346
E14000646,Congleton,E12000002,North West,K04000001,England and Wales,26/09/2019,01/04/2016,435,445,-10,0,0%,444,390,470,353,453,389,367,446,469
E14000647,Copeland,E12000002,North West,K04000001,England and Wales,26/09/2019,01/04/2016,209,198,11,3,5%,288,171,174,115,425,135,199,308,357
E14000648,Corby,E12000004,East Midlands,K04000001,England and Wales,26/09/2019,01/04/2016,273,273,0,4,6%,292,249,153,244,288,247,426,289,319
E14000649,Coventry North East,E12000005,West Midlands,K04000001,England and Wales,26/09/2019,01/04/2016,81,55,26,16,23%,52,93,88,75,59,174,80,57,59
E14000650,Coventry North West,E12000005,West Midlands,K04000001,England and Wales,26/09/2019,01/04/2016,230,210,20,5,8%,212,232,235,159,167,302,110,236,177
E14000651,Coventry South,E12000005,West Midlands,K04000001,England and Wales,26/09/2019,01/04/2016,232,164,68,7,11%,195,247,218,133,183,125,129,147,156
E14000652,Crawley,E12000008,South East,K04000001,England and Wales,26/09/2019,01/04/2016,293,310,-17,1,2%,309,350,167,347,190,98,516,280,267
E14000653,Crewe and Nantwich,E12000002,North West,K04000001,England and Wales,26/09/2019,01/04/2016,280,283,-3,3,4%,317,291,230,258,287,407,160,282,382
E14000654,Croydon Central,E12000007,London,K04000001,England and Wales,26/09/2019,01/04/2016,188,176,12,2,3%,149,228,260,275,75,41,212,109,205
E14000655,Croydon North,E12000007,London,K04000001,England and Wales,26/09/2019,01/04/2016,130,115,15,3,4%,98,160,344,252,12,27,104,117,78
E14000656,Croydon South,E12000007,London,K04000001,England and Wales,26/09/2019,01/04/2016,392,380,12,0,0%,386,406,483,394,175,60,300,343,450
E14000657,Dagenham and Rainham,E12000007,London,K04000001,England and Wales,26/09/2019,01/04/2016,146,129,17,2,3%,100,150,142,227,44,64,236,69,163
E14000658,Darlington,E12000001,North East,K04000001,England and Wales,26/09/2019,01/04/2016,126,170,-44,12,21%,133,107,186,110,162,525,463,159,169
E14000659,Dartford,E12000008,South East,K04000001,England and Wales,26/09/2019,01/04/2016,306,326,-20,1,2%,356,365,261,398,92,180,338,322,392
E14000660,Daventry,E12000004,East Midlands,K04000001,England and Wales,26/09/2019,01/04/2016,437,429,8,1,2%,448,444,335,442,375,201,366,421,491
E14000661,Denton and Reddish,E12000002,North West,K04000001,England and Wales,26/09/2019,01/04/2016,122,153,-31,5,9%,173,135,152,68,107,509,174,197,166
E14000662,Derby North,E12000004,East Midlands,K04000001,England and Wales,26/09/2019,01/04/2016,219,215,4,4,7%,222,233,219,179,177,382,121,202,224
E14000663,Derby South,E12000004,East Midlands,K04000001,England and Wales,26/09/2019,01/04/2016,56,32,24,20,31%,36,45,18,84,55,287,73,45,79
E14000664,Derbyshire Dales,E12000004,East Midlands,K04000001,England and Wales,26/09/2019,01/04/2016,456,437,19,1,2%,485,454,461,450,524,124,135,485,496
E14000665,Devizes,E12000009,South West,K04000001,England and Wales,26/09/2019,01/04/2016,429,426,3,0,0%,473,494,305,439,439,86,312,466,442
E14000666,Dewsbury,E12000003,Yorkshire and The Humber,K04000001,England and Wales,26/09/2019,01/04/2016,170,199,-29,10,15%,208,178,131,209,233,325,151,276,211
E14000667,Don Valley,E12000003,Yorkshire and The Humber,K04000001,England and Wales,26/09/2019,01/04/2016,147,171,-24,10,16%,180,122,99,130,160,483,369,191,233
E14000668,Doncaster Central,E12000003,Yorkshire and The Humber,K04000001,England and Wales,26/09/2019,01/04/2016,93,107,-14,17,26%,120,86,70,104,97,491,218,137,178
E14000669,Doncaster North,E12000003,Yorkshire and The Humber,K04000001,England and Wales,26/09/2019,01/04/2016,68,78,-10,19,30%,95,60,20,90,102,506,261,86,158
E14000670,Dover,E12000008,South East,K04000001,England and Wales,26/09/2019,01/04/2016,215,221,-6,5,8%,202,159,133,278,205,307,299,180,300
E14000671,Dudley North,E12000005,West Midlands,K04000001,England and Wales,26/09/2019,01/04/2016,105,123,-18,10,19%,79,76,74,154,261,473,202,94,113
E14000672,Dudley South,E12000005,West Midlands,K04000001,England and Wales,26/09/2019,01/04/2016,166,200,-34,8,16%,159,140,97,205,367,458,189,178,192
E14000673,Dulwich and West Norwood,E12000007,London,K04000001,England and Wales,26/09/2019,01/04/2016,197,146,51,0,0%,131,216,482,246,11,82,62,122,63
E14000674,Ealing Central and Acton,E12000007,London,K04000001,England and Wales,26/09/2019,01/04/2016,274,259,15,2,3%,235,344,510,317,81,58,84,189,123
E14000675,Ealing North,E12000007,London,K04000001,England and Wales,26/09/2019,01/04/2016,210,208,2,1,1%,153,268,380,307,72,34,187,148,108
E14000676,"Ealing, Southall",E12000007,London,K04000001,England and Wales,26/09/2019,01/04/2016,168,150,18,1,2%,140,215,311,226,51,30,140,175,53
E14000677,Easington,E12000001,North East,K04000001,England and Wales,26/09/2019,01/04/2016,43,52,-9,15,26%,59,10,73,13,263,448,529,50,136
E14000678,East Devon,E12000009,South West,K04000001,England and Wales,26/09/2019,01/04/2016,460,446,14,0,0%,454,414,406,452,486,349,262,469,457
E14000679,East Ham,E12000007,London,K04000001,England and Wales,26/09/2019,01/04/2016,116,83,33,1,1%,80,222,247,222,26,2,90,102,9
E14000680,East Hampshire,E12000008,South East,K04000001,England and Wales,26/09/2019,01/04/2016,476,501,-25,0,0%,498,499,465,489,494,196,475,492,514
E14000681,East Surrey,E12000008,South East,K04000001,England and Wales,26/09/2019,01/04/2016,446,468,-22,0,0%,483,477,393,478,226,293,432,445,515
E14000682,East Worthing and Shoreham,E12000008,South East,K04000001,England and Wales,26/09/2019,01/04/2016,348,336,12,0,0%,337,323,195,277,326,466,229,348,328
E14000683,East Yorkshire,E12000003,Yorkshire and The Humber,K04000001,England and Wales,26/09/2019,01/04/2016,263,262,1,9,15%,263,208,228,337,433,131,239,305,306
E14000684,Eastbourne,E12000008,South East,K04000001,England and Wales,26/09/2019,01/04/2016,251,269,-18,4,6%,236,191,216,231,359,372,279,242,299
E14000685,Eastleigh,E12000008,South East,K04000001,England and Wales,26/09/2019,01/04/2016,464,461,3,0,0%,438,458,304,437,412,425,359,426,417
E14000686,Eddisbury,E12000002,North West,K04000001,England and Wales,26/09/2019,01/04/2016,321,331,-10,4,8%,349,324,321,322,428,189,224,327,401
E14000687,Edmonton,E12000007,London,K04000001,England and Wales,26/09/2019,01/04/2016,71,50,21,6,9%,16,91,114,287,31,19,124,13,51
E14000688,Ellesmere Port and Neston,E12000002,North West,K04000001,England and Wales,26/09/2019,01/04/2016,249,249,0,8,14%,258,177,208,186,262,477,395,261,318
E14000689,Elmet and Rothwell,E12000003,Yorkshire and The Humber,K04000001,England and Wales,26/09/2019,01/04/2016,413,418,-5,0,0%,451,389,377,274,427,353,378,450,434
E14000690,Eltham,E12000007,London,K04000001,England and Wales,26/09/2019,01/04/2016,227,222,5,0,0%,178,214,299,270,89,165,246,158,193
E14000691,Enfield North,E12000007,London,K04000001,England and Wales,26/09/2019,01/04/2016,141,134,7,4,7%,64,158,221,333,60,46,190,30,145
E14000692,"Enfield, Southgate",E12000007,London,K04000001,England and Wales,26/09/2019,01/04/2016,352,351,1,0,0%,286,371,502,443,138,74,233,286,201
E14000693,Epping Forest,E12000006,East of England,K04000001,England and Wales,26/09/2019,01/04/2016,388,376,12,0,0%,351,375,286,419,153,288,370,341,334
E14000694,Epsom and Ewell,E12000008,South East,K04000001,England and Wales,26/09/2019,01/04/2016,521,524,-3,0,0%,521,513,503,518,409,358,404,508,528
E14000695,Erewash,E12000004,East Midlands,K04000001,England and Wales,26/09/2019,01/04/2016,257,238,19,4,6%,221,207,134,267,228,523,126,211,266
E14000696,Erith and Thamesmead,E12000007,London,K04000001,England and Wales,26/09/2019,01/04/2016,190,182,8,1,2%,111,188,282,294,82,67,288,93,122
E14000697,Esher and Walton,E12000008,South East,K04000001,England and Wales,26/09/2019,01/04/2016,519,522,-3,0,0%,506,517,498,524,374,464,364,505,512
E14000698,Exeter,E12000009,South West,K04000001,England and Wales,26/09/2019,01/04/2016,332,289,43,0,0%,328,329,290,272,218,262,127,303,241
E14000699,Fareham,E12000008,South East,K04000001,England and Wales,26/09/2019,01/04/2016,500,505,-5,0,0%,503,490,437,469,515,417,342,493,520
E14000700,Faversham and Mid Kent,E12000008,South East,K04000001,England and Wales,26/09/2019,01/04/2016,292,311,-19,3,5%,326,340,246,371,232,117,379,301,366
E14000701,Feltham and Heston,E12000007,London,K04000001,England and Wales,26/09/2019,01/04/2016,208,177,31,0,0%,163,288,253,281,93,10,194,134,106
E14000702,Filton and Bradley Stoke,E12000009,South West,K04000001,England and Wales,26/09/2019,01/04/2016,469,459,10,0,0%,427,457,368,479,353,342,424,402,411
E14000703,Finchley and Golders Green,E12000007,London,K04000001,England and Wales,26/09/2019,01/04/2016,387,359,28,1,1%,338,405,524,481,154,57,147,363,219
E14000704,Folkestone and Hythe,E12000008,South East,K04000001,England and Wales,26/09/2019,01/04/2016,199,226,-27,4,6%,196,162,200,282,238,252,258,187,262
E14000705,Forest of Dean,E12000009,South West,K04000001,England and Wales,26/09/2019,01/04/2016,316,342,-26,1,2%,339,311,229,402,465,205,235,346,353
E14000706,Fylde,E12000002,North West,K04000001,England and Wales,26/09/2019,01/04/2016,365,397,-32,2,4%,382,305,475,221,411,501,351,439,369
E14000707,Gainsborough,E12000004,East Midlands,K04000001,England and Wales,26/09/2019,01/04/2016,261,288,-27,4,8%,291,227,342,245,459,164,251,290,360
E14000708,Garston and Halewood,E12000002,North West,K04000001,England and Wales,26/09/2019,01/04/2016,48,59,-11,23,36%,57,29,89,20,300,461,203,81,60
E14000709,Gateshead,E12000001,North East,K04000001,England and Wales,26/09/2019,01/04/2016,49,71,-22,19,32%,58,31,82,23,216,388,430,98,56
E14000710,Gedling,E12000004,East Midlands,K04000001,England and Wales,26/09/2019,01/04/2016,370,354,16,1,2%,303,244,316,303,330,515,346,315,325
E14000711,Gillingham and Rainham,E12000008,South East,K04000001,England and Wales,26/09/2019,01/04/2016,224,255,-31,5,8%,250,245,193,295,157,408,217,217,339
E14000712,Gloucester,E12000009,South West,K04000001,England and Wales,26/09/2019,01/04/2016,216,213,3,9,13%,204,203,146,207,240,234,265,196,225
E14000713,Gosport,E12000008,South East,K04000001,England and Wales,26/09/2019,01/04/2016,301,303,-2,1,2%,341,332,172,288,236,362,193,296,422
E14000714,Grantham and Stamford,E12000004,East Midlands,K04000001,England and Wales,26/09/2019,01/04/2016,401,378,23,1,2%,352,349,329,378,483,176,298,337,387
E14000715,Gravesham,E12000008,South East,K04000001,England and Wales,26/09/2019,01/04/2016,247,240,7,2,3%,246,239,162,362,35,360,281,231,307
E14000716,Great Grimsby,E12000003,Yorkshire and The Humber,K04000001,England and Wales,26/09/2019,01/04/2016,34,37,-3,26,45%,38,27,10,166,24,431,99,29,114
E14000717,Great Yarmouth,E12000006,East of England,K04000001,England and Wales,26/09/2019,01/04/2016,70,75,-5,15,25%,101,44,17,111,323,275,143,110,168
E14000718,Greenwich and Woolwich,E12000007,London,K04000001,England and Wales,26/09/2019,01/04/2016,175,156,19,0,0%,115,220,395,208,66,50,114,83,36
E14000719,Guildford,E12000008,South East,K04000001,England and Wales,26/09/2019,01/04/2016,507,504,3,0,0%,508,508,463,516,405,324,376,472,513
E14000720,Hackney North and Stoke Newington,E12000007,London,K04000001,England and Wales,26/09/2019,01/04/2016,88,66,22,7,9%,70,156,298,151,41,18,19,104,6
E14000721,Hackney South and Shoreditch,E12000007,London,K04000001,England and Wales,26/09/2019,01/04/2016,58,34,24,9,13%,24,118,360,109,4,13,18,6,4
E14000722,Halesowen and Rowley Regis,E12000005,West Midlands,K04000001,England and Wales,26/09/2019,01/04/2016,196,211,-15,3,5%,157,155,175,204,291,394,228,181,160
E14000723,Halifax,E12000003,Yorkshire and The Humber,K04000001,England and Wales,26/09/2019,01/04/2016,77,94,-17,18,29%,94,89,123,132,118,490,67,108,173
E14000724,Haltemprice and Howden,E12000003,Yorkshire and The Humber,K04000001,England and Wales,26/09/2019,01/04/2016,510,507,3,0,0%,505,471,480,474,513,368,435,527,489
E14000725,Halton,E12000002,North West,K04000001,England and Wales,26/09/2019,01/04/2016,80,85,-5,15,26%,112,70,158,39,110,428,184,123,146
E14000726,Hammersmith,E12000007,London,K04000001,England and Wales,26/09/2019,01/04/2016,169,140,29,0,0%,123,217,477,158,95,90,11,47,38
E14000727,Hampstead and Kilburn,E12000007,London,K04000001,England and Wales,26/09/2019,01/04/2016,317,246,71,0,0%,213,320,494,345,106,167,35,194,99
E14000728,Harborough,E12000004,East Midlands,K04000001,England and Wales,26/09/2019,01/04/2016,481,467,14,0,0%,436,442,359,401,424,447,425,441,410
E14000729,Harlow,E12000006,East of England,K04000001,England and Wales,26/09/2019,01/04/2016,265,230,35,0,0%,217,243,137,214,164,89,509,205,243
E14000730,Harrogate and Knaresborough,E12000003,Yorkshire and The Humber,K04000001,England and Wales,26/09/2019,01/04/2016,488,490,-2,1,1%,472,447,489,424,516,443,316,496,455
E14000731,Harrow East,E12000007,London,K04000001,England and Wales,26/09/2019,01/04/2016,369,375,-6,0,0%,274,387,458,464,180,83,381,284,143
E14000732,Harrow West,E12000007,London,K04000001,England and Wales,26/09/2019,01/04/2016,371,387,-16,0,0%,279,372,501,454,192,162,294,299,138
E14000733,Hartlepool,E12000001,North East,K04000001,England and Wales,26/09/2019,01/04/2016,52,63,-11,21,36%,44,16,101,44,222,493,498,54,85
E14000734,Harwich and North Essex,E12000006,East of England,K04000001,England and Wales,26/09/2019,01/04/2016,334,357,-23,3,5%,363,342,287,319,343,284,314,353,384
E14000735,Hastings and Rye,E12000008,South East,K04000001,England and Wales,26/09/2019,01/04/2016,76,91,-15,16,25%,87,69,87,145,178,217,134,84,162
E14000736,Havant,E12000008,South East,K04000001,England and Wales,26/09/2019,01/04/2016,195,214,-19,5,8%,200,202,78,213,224,276,347,164,283
E14000737,Hayes and Harlington,E12000007,London,K04000001,England and Wales,26/09/2019,01/04/2016,181,181,0,0,0%,135,255,207,276,30,78,243,118,116
E14000738,Hazel Grove,E12000002,North West,K04000001,England and Wales,26/09/2019,01/04/2016,295,338,-43,4,7%,346,281,353,184,258,498,411,362,345
E14000739,Hemel Hempstead,E12000006,East of England,K04000001,England and Wales,26/09/2019,01/04/2016,363,384,-21,0,0%,323,354,268,403,314,236,476,295,336
E14000740,Hemsworth,E12000003,Yorkshire and The Humber,K04000001,England and Wales,26/09/2019,01/04/2016,111,130,-19,11,18%,161,71,37,82,217,430,436,173,221
E14000741,Hendon,E12000007,London,K04000001,England and Wales,26/09/2019,01/04/2016,290,243,47,0,0%,198,330,441,417,98,20,171,216,121
E14000742,Henley,E12000008,South East,K04000001,England and Wales,26/09/2019,01/04/2016,517,519,-2,0,0%,532,532,478,523,477,138,399,531,529
E14000743,Hereford and South Herefordshire,E12000005,West Midlands,K04000001,England and Wales,26/09/2019,01/04/2016,288,272,16,1,2%,333,322,213,326,395,52,118,357,312
E14000744,Hertford and Stortford,E12000006,East of England,K04000001,England and Wales,26/09/2019,01/04/2016,524,518,6,0,0%,496,493,491,513,437,429,471,500,458
E14000745,Hertsmere,E12000006,East of England,K04000001,England and Wales,26/09/2019,01/04/2016,408,420,-12,1,2%,380,397,412,400,399,170,467,392,349
E14000746,Hexham,E12000001,North East,K04000001,England and Wales,26/09/2019,01/04/2016,436,427,9,0,0%,464,413,450,355,533,93,320,494,470
E14000747,Heywood and Middleton,E12000002,North West,K04000001,England and Wales,26/09/2019,01/04/2016,100,113,-13,14,21%,126,87,125,53,119,370,323,140,149
E14000748,High Peak,E12000004,East Midlands,K04000001,England and Wales,26/09/2019,01/04/2016,372,355,17,3,5%,357,314,362,296,361,451,181,364,358
E14000749,Hitchin and Harpenden,E12000006,East of England,K04000001,England and Wales,26/09/2019,01/04/2016,518,520,-2,0,0%,511,514,525,519,506,220,429,510,504
E14000750,Holborn and St Pancras,E12000007,London,K04000001,England and Wales,26/09/2019,01/04/2016,203,127,76,0,0%,104,192,416,206,73,154,4,41,44
E14000751,Hornchurch and Upminster,E12000007,London,K04000001,England and Wales,26/09/2019,01/04/2016,349,323,26,1,2%,294,299,242,376,182,285,468,262,338
E14000752,Hornsey and Wood Green,E12000007,London,K04000001,England and Wales,26/09/2019,01/04/2016,256,228,28,1,1%,224,315,485,306,61,62,57,237,86
E14000753,Horsham,E12000008,South East,K04000001,England and Wales,26/09/2019,01/04/2016,501,497,4,0,0%,516,501,496,507,467,100,439,511,521
E14000754,Houghton and Sunderland South,E12000001,North East,K04000001,England and Wales,26/09/2019,01/04/2016,97,110,-13,14,24%,86,36,112,26,355,454,528,132,88
E14000755,Hove,E12000008,South East,K04000001,England and Wales,26/09/2019,01/04/2016,311,250,61,2,3%,280,279,340,200,264,193,66,342,151
E14000756,Huddersfield,E12000003,Yorkshire and The Humber,K04000001,England and Wales,26/09/2019,01/04/2016,106,120,-14,10,17%,124,110,191,156,136,263,68,141,174
E14000757,Huntingdon,E12000006,East of England,K04000001,England and Wales,26/09/2019,01/04/2016,430,442,-12,0,0%,432,424,309,426,410,227,485,410,482
E14000758,Hyndburn,E12000002,North West,K04000001,England and Wales,26/09/2019,01/04/2016,69,88,-19,15,25%,128,96,126,30,139,530,54,174,137
E14000759,Ilford North,E12000007,London,K04000001,England and Wales,26/09/2019,01/04/2016,353,300,53,0,0%,255,326,419,370,112,94,249,298,159
E14000760,Ilford South,E12000007,London,K04000001,England and Wales,26/09/2019,01/04/2016,270,193,77,0,0%,129,252,415,339,39,33,169,169,65
E14000761,Ipswich,E12000006,East of England,K04000001,England and Wales,26/09/2019,01/04/2016,158,155,3,10,14%,181,189,59,171,158,380,93,195,202
E14000762,Isle of Wight,E12000008,South East,K04000001,England and Wales,26/09/2019,01/04/2016,211,216,-5,3,3%,203,143,132,239,382,336,133,225,273
E14000763,Islington North,E12000007,London,K04000001,England and Wales,26/09/2019,01/04/2016,119,62,57,5,8%,60,132,436,116,9,59,30,31,15
E14000764,Islington South and Finsbury,E12000007,London,K04000001,England and Wales,26/09/2019,01/04/2016,148,81,67,1,2%,82,183,336,138,29,40,13,10,22
E14000765,Jarrow,E12000001,North East,K04000001,England and Wales,26/09/2019,01/04/2016,123,152,-29,8,14%,106,73,206,52,389,271,520,146,95
E14000766,Keighley,E12000003,Yorkshire and The Humber,K04000001,England and Wales,26/09/2019,01/04/2016,164,202,-38,14,23%,226,212,189,161,265,378,95,273,259
E14000767,Kenilworth and Southam,E12000005,West Midlands,K04000001,England and Wales,26/09/2019,01/04/2016,497,503,-6,0,0%,522,526,520,460,462,185,274,515,510
E14000768,Kensington,E12000007,London,K04000001,England and Wales,26/09/2019,01/04/2016,217,178,39,8,11%,231,316,522,465,94,31,2,260,97
E14000769,Kettering,E12000004,East Midlands,K04000001,England and Wales,26/09/2019,01/04/2016,289,294,-5,4,7%,297,265,209,262,237,438,334,304,316
E14000770,Kingston and Surbiton,E12000007,London,K04000001,England and Wales,26/09/2019,01/04/2016,432,433,-1,0,0%,412,486,492,498,283,197,146,376,342
E14000771,Kingston upon Hull East,E12000003,Yorkshire and The Humber,K04000001,England and Wales,26/09/2019,01/04/2016,31,25,6,28,46%,26,22,13,100,50,256,88,34,64
E14000772,Kingston upon Hull North,E12000003,Yorkshire and The Humber,K04000001,England and Wales,26/09/2019,01/04/2016,25,19,6,26,43%,41,61,14,101,14,140,82,23,61
E14000773,Kingston upon Hull West and Hessle,E12000003,Yorkshire and The Humber,K04000001,England and Wales,26/09/2019,01/04/2016,20,20,0,21,39%,27,14,32,88,68,249,71,52,54
E14000774,Kingswood,E12000009,South West,K04000001,England and Wales,26/09/2019,01/04/2016,425,431,-6,0,0%,396,400,244,459,280,468,507,387,365
E14000775,Knowsley,E12000002,North West,K04000001,England and Wales,26/09/2019,01/04/2016,6,10,-4,36,52%,5,2,12,5,191,397,198,11,21
E14000776,Lancaster and Fleetwood,E12000002,North West,K04000001,England and Wales,26/09/2019,01/04/2016,191,224,-33,10,19%,284,273,327,155,274,413,86,267,223
E14000777,Leeds Central,E12000003,Yorkshire and The Humber,K04000001,England and Wales,26/09/2019,01/04/2016,18,12,6,43,52%,40,97,11,24,19,119,5,4,27
E14000778,Leeds East,E12000003,Yorkshire and The Humber,K04000001,England and Wales,26/09/2019,01/04/2016,14,15,-1,36,57%,25,20,7,43,46,258,75,38,87
E14000779,Leeds North East,E12000003,Yorkshire and The Humber,K04000001,England and Wales,26/09/2019,01/04/2016,269,282,-13,9,16%,261,250,442,216,219,432,177,344,194
E14000780,Leeds North West,E12000003,Yorkshire and The Humber,K04000001,England and Wales,26/09/2019,01/04/2016,359,382,-23,2,4%,425,455,430,266,302,300,152,382,350
E14000781,Leeds West,E12000003,Yorkshire and The Humber,K04000001,England and Wales,26/09/2019,01/04/2016,33,42,-9,22,37%,76,90,35,51,20,333,43,51,98
E14000782,Leicester East,E12000004,East Midlands,K04000001,England and Wales,26/09/2019,01/04/2016,134,116,18,6,9%,66,117,53,168,206,381,108,153,23
E14000783,Leicester South,E12000004,East Midlands,K04000001,England and Wales,26/09/2019,01/04/2016,109,89,20,13,19%,102,161,58,129,121,355,40,113,32
E14000784,Leicester West,E12000004,East Midlands,K04000001,England and Wales,26/09/2019,01/04/2016,39,26,13,20,34%,32,83,16,62,1,414,85,16,55
E14000785,Leigh,E12000002,North West,K04000001,England and Wales,26/09/2019,01/04/2016,165,187,-22,12,19%,186,124,182,99,231,467,332,232,188
E14000786,Lewes,E12000008,South East,K04000001,England and Wales,26/09/2019,01/04/2016,383,396,-13,0,0%,379,358,334,408,430,144,371,361,453
E14000787,Lewisham East,E12000007,London,K04000001,England and Wales,26/09/2019,01/04/2016,153,133,20,2,3%,107,157,333,223,49,65,79,76,112
E14000788,Lewisham West and Penge,E12000007,London,K04000001,England and Wales,26/09/2019,01/04/2016,192,157,35,1,1%,125,187,371,264,33,77,102,95,103
E14000789,"Lewisham, Deptford",E12000007,London,K04000001,England and Wales,26/09/2019,01/04/2016,152,119,33,2,3%,103,197,435,199,32,36,41,53,30
E14000790,Leyton and Wanstead,E12000007,London,K04000001,England and Wales,26/09/2019,01/04/2016,231,148,83,1,2%,177,271,367,271,42,15,58,172,80
E14000791,Lichfield,E12000005,West Midlands,K04000001,England and Wales,26/09/2019,01/04/2016,448,438,10,0,0%,408,370,408,379,503,314,407,413,419
E14000792,Lincoln,E12000004,East Midlands,K04000001,England and Wales,26/09/2019,01/04/2016,180,158,22,10,16%,183,182,184,96,200,233,192,150,179
E14000793,"Liverpool, Riverside",E12000002,North West,K04000001,England and Wales,26/09/2019,01/04/2016,37,30,7,23,34%,65,109,128,6,105,337,31,12,13
E14000794,"Liverpool, Walton",E12000002,North West,K04000001,England and Wales,26/09/2019,01/04/2016,1,1,0,47,73%,2,1,21,1,13,497,26,7,17
E14000795,"Liverpool, Wavertree",E12000002,North West,K04000001,England and Wales,26/09/2019,01/04/2016,30,39,-9,23,39%,54,41,139,19,130,512,17,74,57
E14000796,"Liverpool, West Derby",E12000002,North West,K04000001,England and Wales,26/09/2019,01/04/2016,9,13,-4,33,57%,10,7,67,7,88,482,113,33,24
E14000797,Loughborough,E12000004,East Midlands,K04000001,England and Wales,26/09/2019,01/04/2016,397,377,20,2,3%,368,402,310,367,211,338,307,324,330
E14000798,Louth and Horncastle,E12000004,East Midlands,K04000001,England and Wales,26/09/2019,01/04/2016,157,163,-6,5,9%,207,137,168,123,485,109,153,240,253
E14000799,Ludlow,E12000005,West Midlands,K04000001,England and Wales,26/09/2019,01/04/2016,313,318,-5,1,2%,395,383,328,380,498,81,42,432,371
E14000800,Luton North,E12000006,East of England,K04000001,England and Wales,26/09/2019,01/04/2016,207,190,17,1,2%,165,223,214,196,116,56,315,182,198
E14000801,Luton South,E12000006,East of England,K04000001,England and Wales,26/09/2019,01/04/2016,131,114,17,3,5%,134,219,157,182,40,26,128,139,92
E14000802,Macclesfield,E12000002,North West,K04000001,England and Wales,26/09/2019,01/04/2016,422,434,-12,1,2%,442,377,453,340,438,433,292,467,462
E14000803,Maidenhead,E12000008,South East,K04000001,England and Wales,26/09/2019,01/04/2016,527,523,4,0,0%,517,507,500,528,396,383,448,518,517
E14000804,Maidstone and The Weald,E12000008,South East,K04000001,England and Wales,26/09/2019,01/04/2016,380,391,-11,0,0%,387,380,404,392,310,179,250,386,407
E14000805,Makerfield,E12000002,North West,K04000001,England and Wales,26/09/2019,01/04/2016,241,258,-17,6,10%,260,154,225,124,338,488,461,312,228
E14000806,Maldon,E12000006,East of England,K04000001,England and Wales,26/09/2019,01/04/2016,421,406,15,0,0%,411,410,275,461,356,195,389,406,412
E14000807,Manchester Central,E12000002,North West,K04000001,England and Wales,26/09/2019,01/04/2016,17,9,8,36,49%,20,98,54,3,36,45,38,1,5
E14000808,"Manchester, Gorton",E12000002,North West,K04000001,England and Wales,26/09/2019,01/04/2016,23,22,1,23,40%,47,114,140,10,7,101,37,55,11
E14000809,"Manchester, Withington",E12000002,North West,K04000001,England and Wales,26/09/2019,01/04/2016,149,167,-18,9,15%,230,306,370,37,52,278,97,201,62
E14000810,Mansfield,E12000004,East Midlands,K04000001,England and Wales,26/09/2019,01/04/2016,117,136,-19,10,15%,155,88,62,103,202,323,365,152,229
E14000811,Meon Valley,E12000008,South East,K04000001,England and Wales,26/09/2019,01/04/2016,473,484,-11,1,2%,468,478,434,475,444,207,458,459,497
E14000812,Meriden,E12000005,West Midlands,K04000001,England and Wales,26/09/2019,01/04/2016,238,227,11,16,23%,206,184,202,365,196,190,437,207,302
E14000813,Mid Bedfordshire,E12000006,East of England,K04000001,England and Wales,26/09/2019,01/04/2016,503,511,-8,0,0%,501,505,467,499,434,268,480,486,481
E14000814,Mid Derbyshire,E12000004,East Midlands,K04000001,England and Wales,26/09/2019,01/04/2016,490,475,15,0,0%,463,440,460,366,416,450,301,471,447
E14000815,Mid Dorset and North Poole,E12000009,South West,K04000001,England and Wales,26/09/2019,01/04/2016,485,494,-9,0,0%,465,466,403,457,495,272,499,453,472
E14000816,Mid Norfolk,E12000006,East of England,K04000001,England and Wales,26/09/2019,01/04/2016,343,347,-4,0,0%,366,336,183,356,514,104,313,397,370
E14000817,Mid Sussex,E12000008,South East,K04000001,England and Wales,26/09/2019,01/04/2016,525,527,-2,0,0%,519,515,454,527,441,361,478,512,516
E14000818,Mid Worcestershire,E12000005,West Midlands,K04000001,England and Wales,26/09/2019,01/04/2016,347,340,7,0,0%,373,361,281,383,372,47,304,371,398
E14000819,Middlesbrough,E12000001,North East,K04000001,England and Wales,26/09/2019,01/04/2016,8,6,2,34,60%,6,6,6,9,23,399,335,5,48
E14000820,Middlesbrough South and East Cleveland,E12000001,North East,K04000001,England and Wales,26/09/2019,01/04/2016,132,147,-15,11,19%,117,80,188,87,250,437,512,116,196
E14000821,Milton Keynes North,E12000008,South East,K04000001,England and Wales,26/09/2019,01/04/2016,350,337,13,0,0%,285,345,341,310,199,145,515,241,303
E14000822,Milton Keynes South,E12000008,South East,K04000001,England and Wales,26/09/2019,01/04/2016,281,290,-9,8,10%,242,295,284,261,253,105,530,244,242
E14000823,Mitcham and Morden,E12000007,London,K04000001,England and Wales,26/09/2019,01/04/2016,272,257,15,0,0%,187,293,330,336,90,225,139,161,139
E14000824,Mole Valley,E12000008,South East,K04000001,England and Wales,26/09/2019,01/04/2016,498,502,-4,0,0%,527,516,484,517,484,128,355,519,530
E14000825,Morecambe and Lunesdale,E12000002,North West,K04000001,England and Wales,26/09/2019,01/04/2016,121,144,-23,12,20%,175,133,249,74,169,436,115,192,212
E14000826,Morley and Outwood,E12000003,Yorkshire and The Humber,K04000001,England and Wales,26/09/2019,01/04/2016,305,316,-11,1,2%,353,310,306,202,318,390,175,377,280
E14000827,New Forest East,E12000008,South East,K04000001,England and Wales,26/09/2019,01/04/2016,414,411,3,0,0%,429,425,294,429,347,175,382,385,503
E14000828,New Forest West,E12000008,South East,K04000001,England and Wales,26/09/2019,01/04/2016,442,452,-10,0,0%,434,403,427,448,407,228,440,429,494
E14000829,Newark,E12000004,East Midlands,K04000001,England and Wales,26/09/2019,01/04/2016,357,360,-3,2,3%,375,333,302,368,398,202,268,379,415
E14000830,Newbury,E12000008,South East,K04000001,England and Wales,26/09/2019,01/04/2016,487,473,14,0,0%,462,480,400,520,313,203,410,454,468
E14000831,Newcastle upon Tyne Central,E12000001,North East,K04000001,England and Wales,26/09/2019,01/04/2016,45,48,-3,21,36%,43,55,52,31,122,320,409,63,39
E14000832,Newcastle upon Tyne East,E12000001,North East,K04000001,England and Wales,26/09/2019,01/04/2016,120,154,-34,15,26%,148,201,138,70,322,374,318,43,71
E14000833,Newcastle upon Tyne North,E12000001,North East,K04000001,England and Wales,26/09/2019,01/04/2016,182,225,-43,9,15%,189,172,196,120,406,396,497,213,176
E14000834,Newcastle-under-Lyme,E12000005,West Midlands,K04000001,England and Wales,26/09/2019,01/04/2016,286,291,-5,2,4%,300,240,240,189,267,513,356,297,282
E14000835,Newton Abbot,E12000009,South West,K04000001,England and Wales,26/09/2019,01/04/2016,342,320,22,0,0%,316,275,355,312,363,297,182,340,281
E14000836,"Normanton, Pontefract and Castleford",E12000003,Yorkshire and The Humber,K04000001,England and Wales,26/09/2019,01/04/2016,101,105,-4,14,21%,146,84,28,80,152,459,328,133,200
E14000837,North Cornwall,E12000009,South West,K04000001,England and Wales,26/09/2019,01/04/2016,204,197,7,2,4%,268,241,265,280,457,22,25,287,297
E14000838,North Devon,E12000009,South West,K04000001,England and Wales,26/09/2019,01/04/2016,259,266,-7,3,5%,318,297,220,259,390,114,100,356,293
E14000839,North Dorset,E12000009,South West,K04000001,England and Wales,26/09/2019,01/04/2016,411,422,-11,0,0%,467,468,319,482,521,44,324,465,487
E14000840,North Durham,E12000001,North East,K04000001,England and Wales,26/09/2019,01/04/2016,159,183,-24,3,6%,137,92,210,83,304,449,527,163,144
E14000841,North East Bedfordshire,E12000006,East of England,K04000001,England and Wales,26/09/2019,01/04/2016,475,470,5,0,0%,443,460,361,473,440,242,434,416,451
E14000842,North East Cambridgeshire,E12000006,East of England,K04000001,England and Wales,26/09/2019,01/04/2016,198,203,-5,4,6%,219,213,47,198,324,142,306,220,245
E14000843,North East Derbyshire,E12000004,East Midlands,K04000001,England and Wales,26/09/2019,01/04/2016,318,332,-14,3,5%,310,230,222,242,474,479,484,333,323
E14000844,North East Hampshire,E12000008,South East,K04000001,England and Wales,26/09/2019,01/04/2016,532,533,-1,0,0%,533,533,528,531,519,248,519,532,533
E14000845,North East Hertfordshire,E12000006,East of England,K04000001,England and Wales,26/09/2019,01/04/2016,451,444,7,0,0%,409,421,394,466,461,241,419,393,420
E14000846,North East Somerset,E12000009,South West,K04000001,England and Wales,26/09/2019,01/04/2016,467,472,-5,0,0%,445,443,402,421,464,303,423,447,446
E14000847,North Herefordshire,E12000005,West Midlands,K04000001,England and Wales,26/09/2019,01/04/2016,302,286,16,0,0%,370,378,390,388,490,7,55,399,372
E14000848,North Norfolk,E12000006,East of England,K04000001,England and Wales,26/09/2019,01/04/2016,253,252,1,0,0%,320,238,164,325,529,37,120,345,354
E14000849,North Shropshire,E12000005,West Midlands,K04000001,England and Wales,26/09/2019,01/04/2016,308,315,-7,0,0%,345,321,262,352,481,113,148,381,298
E14000850,North Somerset,E12000009,South West,K04000001,England and Wales,26/09/2019,01/04/2016,511,508,3,0,0%,507,488,488,425,497,312,489,514,500
E14000851,North Swindon,E12000009,South West,K04000001,England and Wales,26/09/2019,01/04/2016,320,344,-24,6,9%,347,357,149,323,269,398,449,330,327
E14000852,North Thanet,E12000008,South East,K04000001,England and Wales,26/09/2019,01/04/2016,143,149,-6,9,16%,142,101,121,192,172,259,287,186,190
E14000853,North Tyneside,E12000001,North East,K04000001,England and Wales,26/09/2019,01/04/2016,155,174,-19,9,13%,121,95,178,85,442,409,493,138,111
E14000854,North Warwickshire,E12000005,West Midlands,K04000001,England and Wales,26/09/2019,01/04/2016,276,298,-22,1,2%,319,287,161,263,255,350,302,331,271
E14000855,North West Cambridgeshire,E12000006,East of England,K04000001,England and Wales,26/09/2019,01/04/2016,312,341,-29,4,5%,335,338,277,318,334,163,438,307,375
E14000856,North West Durham,E12000001,North East,K04000001,England and Wales,26/09/2019,01/04/2016,206,231,-25,3,5%,170,125,312,106,393,369,506,214,152
E14000857,North West Hampshire,E12000008,South East,K04000001,England and Wales,26/09/2019,01/04/2016,455,477,-22,0,0%,466,481,369,467,423,212,491,444,492
E14000858,North West Leicestershire,E12000004,East Midlands,K04000001,England and Wales,26/09/2019,01/04/2016,393,386,7,2,3%,365,337,241,342,307,419,459,367,376
E14000859,North West Norfolk,E12000006,East of England,K04000001,England and Wales,26/09/2019,01/04/2016,178,189,-11,7,12%,237,179,57,142,468,132,254,228,305
E14000860,North Wiltshire,E12000009,South West,K04000001,England and Wales,26/09/2019,01/04/2016,454,448,6,0,0%,476,483,417,445,496,87,361,482,454
E14000861,Northampton North,E12000004,East Midlands,K04000001,England and Wales,26/09/2019,01/04/2016,185,180,5,4,7%,216,251,94,194,84,143,211,188,230
E14000862,Northampton South,E12000004,East Midlands,K04000001,England and Wales,26/09/2019,01/04/2016,140,124,16,8,13%,168,181,75,137,104,73,219,156,186
E14000863,Norwich North,E12000006,East of England,K04000001,England and Wales,26/09/2019,01/04/2016,248,251,-3,6,11%,244,211,93,299,341,441,309,215,285
E14000864,Norwich South,E12000006,East of England,K04000001,England and Wales,26/09/2019,01/04/2016,184,168,16,11,18%,160,195,116,139,221,412,185,111,126
E14000865,Nottingham East,E12000004,East Midlands,K04000001,England and Wales,26/09/2019,01/04/2016,42,27,15,17,29%,48,64,55,34,27,134,48,32,42
E14000866,Nottingham North,E12000004,East Midlands,K04000001,England and Wales,26/09/2019,01/04/2016,10,5,5,34,55%,4,9,1,22,28,157,186,2,58
E14000867,Nottingham South,E12000004,East Midlands,K04000001,England and Wales,26/09/2019,01/04/2016,167,151,16,5,8%,229,294,127,117,131,85,91,128,125
E14000868,Nuneaton,E12000005,West Midlands,K04000001,England and Wales,26/09/2019,01/04/2016,194,212,-18,5,8%,209,210,119,195,132,376,285,199,235
E14000869,Old Bexley and Sidcup,E12000007,London,K04000001,England and Wales,26/09/2019,01/04/2016,457,456,1,0,0%,426,453,375,483,328,265,400,384,452
E14000870,Oldham East and Saddleworth,E12000002,North West,K04000001,England and Wales,26/09/2019,01/04/2016,82,122,-40,20,32%,118,100,91,97,147,510,269,136,181
E14000871,Oldham West and Royton,E12000002,North West,K04000001,England and Wales,26/09/2019,01/04/2016,47,67,-20,22,34%,56,52,51,59,115,511,221,85,93
E14000872,Orpington,E12000007,London,K04000001,England and Wales,26/09/2019,01/04/2016,426,407,19,0,0%,391,412,425,485,215,166,441,326,501
E14000873,Oxford East,E12000008,South East,K04000001,England and Wales,26/09/2019,01/04/2016,299,274,25,1,2%,298,399,239,257,159,173,156,167,236
E14000874,Oxford West and Abingdon,E12000008,South East,K04000001,England and Wales,26/09/2019,01/04/2016,505,499,6,0,0%,515,521,464,495,478,210,372,480,523
E14000875,Pendle,E12000002,North West,K04000001,England and Wales,26/09/2019,01/04/2016,91,109,-18,18,32%,147,126,100,69,188,520,34,227,134
E14000876,Penistone and Stocksbridge,E12000003,Yorkshire and The Humber,K04000001,England and Wales,26/09/2019,01/04/2016,340,358,-18,2,3%,372,307,307,224,385,346,431,436,322
E14000877,Penrith and The Border,E12000002,North West,K04000001,England and Wales,26/09/2019,01/04/2016,337,349,-12,0,0%,457,419,313,387,530,71,53,483,466
E14000878,Peterborough,E12000006,East of England,K04000001,England and Wales,26/09/2019,01/04/2016,84,84,0,12,17%,89,103,26,121,117,121,266,87,135
E14000879,"Plymouth, Moor View",E12000009,South West,K04000001,England and Wales,26/09/2019,01/04/2016,102,100,2,14,24%,119,94,76,61,181,198,330,103,185
E14000880,"Plymouth, Sutton and Devonport",E12000009,South West,K04000001,England and Wales,26/09/2019,01/04/2016,87,92,-5,14,21%,136,128,234,58,64,377,32,120,118
E14000881,Poole,E12000009,South West,K04000001,England and Wales,26/09/2019,01/04/2016,362,363,-1,0,0%,334,356,279,309,299,327,348,317,317
E14000882,Poplar and Limehouse,E12000007,London,K04000001,England and Wales,26/09/2019,01/04/2016,162,57,105,1,1%,29,176,289,146,96,12,69,3,3
E14000883,Portsmouth North,E12000008,South East,K04000001,England and Wales,26/09/2019,01/04/2016,174,201,-27,5,8%,243,285,98,217,244,230,47,210,263
E14000884,Portsmouth South,E12000008,South East,K04000001,England and Wales,26/09/2019,01/04/2016,114,103,11,10,16%,176,263,71,149,74,148,9,101,104
E14000885,Preston,E12000002,North West,K04000001,England and Wales,26/09/2019,01/04/2016,32,46,-14,16,28%,72,102,38,16,54,503,61,70,46
E14000886,Pudsey,E12000003,Yorkshire and The Humber,K04000001,England and Wales,26/09/2019,01/04/2016,382,398,-16,1,2%,424,418,455,293,213,465,161,463,355
E14000887,Putney,E12000007,London,K04000001,England and Wales,26/09/2019,01/04/2016,354,333,21,0,0%,304,432,507,386,195,126,78,224,141
E14000888,Rayleigh and Wickford,E12000006,East of England,K04000001,England and Wales,26/09/2019,01/04/2016,496,486,10,0,0%,470,465,258,491,408,332,505,477,429
E14000889,Reading East,E12000008,South East,K04000001,England and Wales,26/09/2019,01/04/2016,399,388,11,2,3%,383,450,382,451,278,237,166,359,279
E14000890,Reading West,E12000008,South East,K04000001,England and Wales,26/09/2019,01/04/2016,291,308,-17,3,5%,265,318,217,396,241,218,322,239,264
E14000891,Redcar,E12000001,North East,K04000001,England and Wales,26/09/2019,01/04/2016,74,96,-22,18,31%,73,32,107,56,239,499,514,71,153
E14000892,Redditch,E12000005,West Midlands,K04000001,England and Wales,26/09/2019,01/04/2016,240,268,-28,5,8%,273,276,179,233,342,53,490,283,255
E14000893,Reigate,E12000008,South East,K04000001,England and Wales,26/09/2019,01/04/2016,466,483,-17,0,0%,471,482,456,486,335,208,460,449,498
E14000894,Ribble Valley,E12000002,North West,K04000001,England and Wales,26/09/2019,01/04/2016,443,454,-11,0,0%,493,437,481,343,451,402,210,516,467
E14000895,Richmond (Yorks),E12000003,Yorkshire and The Humber,K04000001,England and Wales,26/09/2019,01/04/2016,450,421,29,0,0%,487,487,325,410,525,55,311,462,490
E14000896,Richmond Park,E12000007,London,K04000001,England and Wales,26/09/2019,01/04/2016,504,498,6,0,0%,495,524,532,529,272,321,145,507,406
E14000897,Rochdale,E12000002,North West,K04000001,England and Wales,26/09/2019,01/04/2016,28,33,-5,26,39%,39,21,64,28,48,231,234,78,75
E14000898,Rochester and Strood,E12000008,South East,K04000001,England and Wales,26/09/2019,01/04/2016,250,281,-31,2,3%,271,260,224,291,171,335,259,265,290
E14000899,Rochford and Southend East,E12000006,East of England,K04000001,England and Wales,26/09/2019,01/04/2016,128,104,24,8,13%,99,106,69,193,63,356,176,82,171
E14000900,Romford,E12000007,London,K04000001,England and Wales,26/09/2019,01/04/2016,356,327,29,0,0%,289,339,231,359,141,309,354,230,326
E14000901,Romsey and Southampton North,E12000008,South East,K04000001,England and Wales,26/09/2019,01/04/2016,419,436,-17,0,0%,477,500,413,471,414,115,273,427,479
E14000902,Rossendale and Darwen,E12000002,North West,K04000001,England and Wales,26/09/2019,01/04/2016,171,204,-33,10,16%,223,165,270,105,189,486,157,272,227
E14000903,Rother Valley,E12000003,Yorkshire and The Humber,K04000001,England and Wales,26/09/2019,01/04/2016,223,265,-42,8,13%,254,180,173,157,279,475,487,256,294
E14000904,Rotherham,E12000003,Yorkshire and The Humber,K04000001,England and Wales,26/09/2019,01/04/2016,27,29,-2,22,39%,33,18,8,46,58,463,297,46,90
E14000905,Rugby,E12000005,West Midlands,K04000001,England and Wales,26/09/2019,01/04/2016,396,402,-6,0,0%,393,384,348,369,303,329,380,383,388
E14000906,"Ruislip, Northwood and Pinner",E12000007,London,K04000001,England and Wales,26/09/2019,01/04/2016,483,493,-10,0,0%,449,474,521,462,285,267,466,430,436
E14000907,Runnymede and Weybridge,E12000008,South East,K04000001,England and Wales,26/09/2019,01/04/2016,477,491,-14,0,0%,502,523,440,501,426,153,317,473,475
E14000908,Rushcliffe,E12000004,East Midlands,K04000001,England and Wales,26/09/2019,01/04/2016,529,526,3,0,0%,504,484,529,490,493,469,443,526,485
E14000909,Rutland and Melton,E12000004,East Midlands,K04000001,England and Wales,26/09/2019,01/04/2016,489,464,25,0,0%,491,491,433,480,392,106,326,481,505
E14000910,Saffron Walden,E12000006,East of England,K04000001,England and Wales,26/09/2019,01/04/2016,493,481,12,0,0%,499,510,445,522,400,70,377,504,474
E14000911,Salford and Eccles,E12000002,North West,K04000001,England and Wales,26/09/2019,01/04/2016,61,65,-4,21,30%,85,99,163,11,156,310,138,58,72
E14000912,Salisbury,E12000009,South West,K04000001,England and Wales,26/09/2019,01/04/2016,415,403,12,0,0%,446,439,391,382,364,110,387,452,437
E14000913,Scarborough and Whitby,E12000003,Yorkshire and The Humber,K04000001,England and Wales,26/09/2019,01/04/2016,154,172,-18,9,14%,190,134,187,183,357,254,117,222,234
E14000914,Scunthorpe,E12000003,Yorkshire and The Humber,K04000001,England and Wales,26/09/2019,01/04/2016,150,162,-12,11,20%,152,138,79,174,123,492,325,151,209
E14000915,Sedgefield,E12000001,North East,K04000001,England and Wales,26/09/2019,01/04/2016,151,173,-22,6,11%,154,82,215,72,275,404,533,184,191
E14000916,Sefton Central,E12000002,North West,K04000001,England and Wales,26/09/2019,01/04/2016,403,404,-1,0,0%,405,292,487,211,422,521,403,464,383
E14000917,Selby and Ainsty,E12000003,Yorkshire and The Humber,K04000001,England and Wales,26/09/2019,01/04/2016,439,430,9,1,2%,452,434,351,449,501,181,321,443,444
E14000918,Sevenoaks,E12000008,South East,K04000001,England and Wales,26/09/2019,01/04/2016,445,462,-17,0,0%,455,476,405,510,223,244,445,433,493
E14000919,Sheffield Central,E12000003,Yorkshire and The Humber,K04000001,England and Wales,26/09/2019,01/04/2016,173,135,38,11,16%,215,319,118,148,127,51,74,126,50
E14000920,Sheffield South East,E12000003,Yorkshire and The Humber,K04000001,England and Wales,26/09/2019,01/04/2016,127,142,-15,9,15%,145,136,56,134,214,186,388,193,117
E14000921,"Sheffield, Brightside and Hillsborough",E12000003,Yorkshire and The Humber,K04000001,England and Wales,26/09/2019,01/04/2016,12,11,1,42,61%,8,12,2,36,43,127,191,20,47
E14000922,"Sheffield, Hallam",E12000003,Yorkshire and The Humber,K04000001,England and Wales,26/09/2019,01/04/2016,526,525,1,0,0%,529,519,530,415,436,400,453,533,499
E14000923,"Sheffield, Heeley",E12000003,Yorkshire and The Humber,K04000001,England and Wales,26/09/2019,01/04/2016,79,80,-1,18,30%,88,81,39,94,128,270,331,99,109
E14000924,Sherwood,E12000004,East Midlands,K04000001,England and Wales,26/09/2019,01/04/2016,267,271,-4,3,5%,283,185,135,225,351,401,396,250,373
E14000925,Shipley,E12000003,Yorkshire and The Humber,K04000001,England and Wales,26/09/2019,01/04/2016,294,324,-30,3,5%,355,317,388,219,243,460,172,378,333
E14000926,Shrewsbury and Atcham,E12000005,West Midlands,K04000001,England and Wales,26/09/2019,01/04/2016,351,364,-13,1,2%,362,353,354,305,402,286,223,374,332
E14000927,Sittingbourne and Sheppey,E12000008,South East,K04000001,England and Wales,26/09/2019,01/04/2016,118,145,-27,15,22%,151,129,60,237,111,282,275,135,252
E14000928,Skipton and Ripon,E12000003,Yorkshire and The Humber,K04000001,England and Wales,26/09/2019,01/04/2016,438,440,-2,0,0%,494,469,462,440,512,206,122,513,483
E14000929,Sleaford and North Hykeham,E12000004,East Midlands,K04000001,England and Wales,26/09/2019,01/04/2016,452,441,11,0,0%,417,382,448,372,532,255,383,437,404
E14000930,Slough,E12000008,South East,K04000001,England and Wales,26/09/2019,01/04/2016,220,219,1,0,0%,211,302,251,285,56,72,183,251,94
E14000931,Solihull,E12000005,West Midlands,K04000001,England and Wales,26/09/2019,01/04/2016,441,450,-9,0,0%,428,430,490,428,273,343,375,451,396
E14000932,Somerton and Frome,E12000009,South West,K04000001,England and Wales,26/09/2019,01/04/2016,360,362,-2,0,0%,398,391,349,389,404,61,178,411,408
E14000933,South Basildon and East Thurrock,E12000006,East of England,K04000001,England and Wales,26/09/2019,01/04/2016,187,196,-9,10,16%,191,205,41,321,108,191,456,149,239
E14000934,South Cambridgeshire,E12000006,East of England,K04000001,England and Wales,26/09/2019,01/04/2016,522,521,1,0,0%,524,525,508,521,522,151,418,506,522
E14000935,South Derbyshire,E12000004,East Midlands,K04000001,England and Wales,26/09/2019,01/04/2016,398,400,-2,0,0%,402,369,323,341,413,331,360,398,397
E14000936,South Dorset,E12000009,South West,K04000001,England and Wales,26/09/2019,01/04/2016,235,261,-26,6,11%,295,229,212,203,325,239,225,275,368
E14000937,South East Cambridgeshire,E12000006,East of England,K04000001,England and Wales,26/09/2019,01/04/2016,492,488,4,0,0%,488,496,424,502,482,108,427,488,438
E14000938,South East Cornwall,E12000009,South West,K04000001,England and Wales,26/09/2019,01/04/2016,244,242,2,1,2%,287,253,352,247,386,92,46,325,288
E14000939,South Holland and The Deepings,E12000004,East Midlands,K04000001,England and Wales,26/09/2019,01/04/2016,341,322,19,0,0%,342,328,130,314,450,223,308,338,340
E14000940,South Leicestershire,E12000004,East Midlands,K04000001,England and Wales,26/09/2019,01/04/2016,494,495,-1,0,0%,478,475,372,453,358,472,492,490,425
E14000941,South Norfolk,E12000006,East of England,K04000001,England and Wales,26/09/2019,01/04/2016,412,405,7,0,0%,420,404,366,436,499,96,267,442,427
E14000942,South Northamptonshire,E12000004,East Midlands,K04000001,England and Wales,26/09/2019,01/04/2016,516,515,1,0,0%,526,527,476,496,504,133,457,528,484
E14000943,South Ribble,E12000002,North West,K04000001,England and Wales,26/09/2019,01/04/2016,405,416,-11,3,5%,406,355,423,265,463,502,341,418,378
E14000944,South Shields,E12000001,North East,K04000001,England and Wales,26/09/2019,01/04/2016,67,72,-5,17,30%,46,15,148,33,329,281,496,59,81
E14000945,South Staffordshire,E12000005,West Midlands,K04000001,England and Wales,26/09/2019,01/04/2016,423,428,-5,0,0%,384,368,326,414,388,420,446,417,352
E14000946,South Suffolk,E12000006,East of England,K04000001,England and Wales,26/09/2019,01/04/2016,404,383,21,0,0%,410,409,274,447,373,54,280,412,431
E14000947,South Swindon,E12000009,South West,K04000001,England and Wales,26/09/2019,01/04/2016,278,292,-14,6,10%,264,289,194,284,186,421,353,268,214
E14000948,South Thanet,E12000008,South East,K04000001,England and Wales,26/09/2019,01/04/2016,113,121,-8,10,17%,105,79,155,215,78,341,207,125,183
E14000949,South West Bedfordshire,E12000006,East of England,K04000001,England and Wales,26/09/2019,01/04/2016,368,352,16,0,0%,324,346,226,384,173,373,483,270,395
E14000950,South West Devon,E12000009,South West,K04000001,England and Wales,26/09/2019,01/04/2016,468,457,11,0,0%,475,435,469,302,509,345,303,497,465
E14000951,South West Hertfordshire,E12000006,East of England,K04000001,England and Wales,26/09/2019,01/04/2016,520,517,3,0,0%,497,504,473,504,518,289,501,491,502
E14000952,South West Norfolk,E12000006,East of England,K04000001,England and Wales,26/09/2019,01/04/2016,236,236,0,1,2%,306,270,36,243,449,84,238,319,315
E14000953,South West Surrey,E12000008,South East,K04000001,England and Wales,26/09/2019,01/04/2016,528,529,-1,0,0%,518,509,504,506,492,392,503,522,518
E14000954,South West Wiltshire,E12000009,South West,K04000001,England and Wales,26/09/2019,01/04/2016,346,346,0,1,2%,369,348,237,390,305,107,295,369,409
E14000955,"Southampton, Itchen",E12000008,South East,K04000001,England and Wales,26/09/2019,01/04/2016,135,138,-3,8,12%,188,248,124,127,34,277,76,121,189
E14000956,"Southampton, Test",E12000008,South East,K04000001,England and Wales,26/09/2019,01/04/2016,124,137,-13,11,17%,199,258,110,118,47,291,60,142,128
E14000957,Southend West,E12000006,East of England,K04000001,England and Wales,26/09/2019,01/04/2016,361,312,49,1,2%,290,283,272,313,193,471,214,328,261
E14000958,Southport,E12000002,North West,K04000001,England and Wales,26/09/2019,01/04/2016,237,254,-17,5,8%,228,149,385,108,366,531,205,310,216
E14000959,Spelthorne,E12000008,South East,K04000001,England and Wales,26/09/2019,01/04/2016,385,414,-29,0,0%,418,452,255,431,257,318,284,350,486
E14000960,St Albans,E12000006,East of England,K04000001,England and Wales,26/09/2019,01/04/2016,499,506,-7,0,0%,469,472,518,511,447,326,397,478,463
E14000961,St Austell and Newquay,E12000009,South West,K04000001,England and Wales,26/09/2019,01/04/2016,193,184,9,5,8%,214,152,238,218,339,116,44,257,251
E14000962,St Helens North,E12000002,North West,K04000001,England and Wales,26/09/2019,01/04/2016,98,128,-30,14,22%,114,59,170,48,282,453,344,114,172
E14000963,St Helens South and Whiston,E12000002,North West,K04000001,England and Wales,26/09/2019,01/04/2016,62,77,-15,21,30%,97,37,185,18,198,476,204,107,148
E14000964,St Ives,E12000009,South West,K04000001,England and Wales,26/09/2019,01/04/2016,189,179,10,3,6%,218,200,363,256,415,63,3,302,204
E14000965,Stafford,E12000005,West Midlands,K04000001,England and Wales,26/09/2019,01/04/2016,402,390,12,0,0%,403,360,324,316,419,384,333,400,421
E14000966,Staffordshire Moorlands,E12000005,West Midlands,K04000001,England and Wales,26/09/2019,01/04/2016,379,372,7,0,0%,413,343,314,320,376,222,222,434,394
E14000967,Stalybridge and Hyde,E12000002,North West,K04000001,England and Wales,26/09/2019,01/04/2016,103,132,-29,13,22%,141,104,166,50,166,487,232,160,164
E14000968,Stevenage,E12000006,East of England,K04000001,England and Wales,26/09/2019,01/04/2016,303,329,-26,0,0%,266,280,192,348,260,308,518,245,272
E14000969,Stockport,E12000002,North West,K04000001,England and Wales,26/09/2019,01/04/2016,99,131,-32,12,22%,132,123,169,64,103,517,179,166,115
E14000970,Stockton North,E12000001,North East,K04000001,England and Wales,26/09/2019,01/04/2016,72,82,-10,18,31%,61,30,65,55,246,411,504,65,132
E14000971,Stockton South,E12000001,North East,K04000001,England and Wales,26/09/2019,01/04/2016,284,307,-23,7,11%,269,224,357,188,431,359,517,321,277
E14000972,Stoke-on-Trent Central,E12000005,West Midlands,K04000001,England and Wales,26/09/2019,01/04/2016,44,43,1,17,32%,69,56,23,29,91,422,105,56,91
E14000973,Stoke-on-Trent North,E12000005,West Midlands,K04000001,England and Wales,26/09/2019,01/04/2016,64,61,3,19,31%,84,68,34,49,65,435,227,77,150
E14000974,Stoke-on-Trent South,E12000005,West Midlands,K04000001,England and Wales,26/09/2019,01/04/2016,86,98,-12,15,25%,138,78,45,60,187,439,263,127,203
E14000975,Stone,E12000005,West Midlands,K04000001,England and Wales,26/09/2019,01/04/2016,431,443,-12,0,0%,479,388,451,358,505,204,349,489,480
E14000976,Stourbridge,E12000005,West Midlands,K04000001,England and Wales,26/09/2019,01/04/2016,260,285,-25,2,3%,234,209,223,279,345,457,245,277,222
E14000977,Stratford-on-Avon,E12000005,West Midlands,K04000001,England and Wales,26/09/2019,01/04/2016,453,447,6,0,0%,459,473,468,422,429,152,244,470,441
E14000978,Streatham,E12000007,London,K04000001,England and Wales,26/09/2019,01/04/2016,226,166,60,0,0%,158,272,466,255,17,76,36,90,41
E14000979,Stretford and Urmston,E12000002,North West,K04000001,England and Wales,26/09/2019,01/04/2016,214,233,-19,4,7%,169,145,317,150,321,462,230,219,167
E14000980,Stroud,E12000009,South West,K04000001,England and Wales,26/09/2019,01/04/2016,471,458,13,0,0%,419,401,438,432,420,364,357,456,418
E14000981,Suffolk Coastal,E12000006,East of England,K04000001,England and Wales,26/09/2019,01/04/2016,358,381,-23,0,0%,399,364,232,393,454,299,208,404,440
E14000982,Sunderland Central,E12000001,North East,K04000001,England and Wales,26/09/2019,01/04/2016,92,102,-10,13,20%,78,48,143,27,251,508,452,115,77
E14000983,Surrey Heath,E12000008,South East,K04000001,England and Wales,26/09/2019,01/04/2016,509,513,-4,0,0%,510,506,432,508,432,279,513,476,527
E14000984,Sutton and Cheam,E12000007,London,K04000001,England and Wales,26/09/2019,01/04/2016,478,466,12,0,0%,431,467,495,430,268,313,291,422,399
E14000985,Sutton Coldfield,E12000005,West Midlands,K04000001,England and Wales,26/09/2019,01/04/2016,416,432,-16,1,2%,447,415,514,338,379,178,240,487,402
E14000986,Tamworth,E12000005,West Midlands,K04000001,England and Wales,26/09/2019,01/04/2016,282,295,-13,4,6%,278,278,176,283,301,229,450,279,244
E14000987,Tatton,E12000002,North West,K04000001,England and Wales,26/09/2019,01/04/2016,472,451,21,0,0%,456,423,479,385,473,315,339,479,460
E14000988,Taunton Deane,E12000009,South West,K04000001,England and Wales,26/09/2019,01/04/2016,319,348,-29,3,4%,360,327,356,331,401,156,242,368,381
E14000989,Telford,E12000005,West Midlands,K04000001,England and Wales,26/09/2019,01/04/2016,107,117,-10,15,25%,75,108,86,119,176,155,502,64,105
E14000990,Tewkesbury,E12000009,South West,K04000001,England and Wales,26/09/2019,01/04/2016,461,455,6,0,0%,441,449,398,411,475,253,415,403,478
E14000991,The Cotswolds,E12000009,South West,K04000001,England and Wales,26/09/2019,01/04/2016,486,476,10,0,0%,489,495,471,488,446,123,290,501,471
E14000992,The Wrekin,E12000005,West Midlands,K04000001,England and Wales,26/09/2019,01/04/2016,307,304,3,3,5%,301,290,276,228,371,177,444,313,268
E14000993,Thirsk and Malton,E12000003,Yorkshire and The Humber,K04000001,England and Wales,26/09/2019,01/04/2016,378,369,9,0,0%,422,422,308,472,523,48,109,448,414
E14000994,Thornbury and Yate,E12000009,South West,K04000001,England and Wales,26/09/2019,01/04/2016,480,485,-5,0,0%,481,470,381,494,443,261,421,440,509
E14000995,Thurrock,E12000006,East of England,K04000001,England and Wales,26/09/2019,01/04/2016,222,207,15,4,6%,171,237,95,335,70,188,296,168,127
E14000996,Tiverton and Honiton,E12000009,South West,K04000001,England and Wales,26/09/2019,01/04/2016,375,367,8,0,0%,381,367,303,433,480,169,116,407,400
E14000997,Tonbridge and Malling,E12000008,South East,K04000001,England and Wales,26/09/2019,01/04/2016,427,460,-33,0,0%,435,459,429,492,337,232,422,425,459
E14000998,Tooting,E12000007,London,K04000001,England and Wales,26/09/2019,01/04/2016,335,293,42,0,0%,277,394,511,332,79,120,59,223,83
E14000999,Torbay,E12000009,South West,K04000001,England and Wales,26/09/2019,01/04/2016,108,101,7,13,20%,110,57,201,102,120,445,106,157,131
E14001000,Torridge and West Devon,E12000009,South West,K04000001,England and Wales,26/09/2019,01/04/2016,252,253,-1,0,0%,321,264,256,289,476,88,52,349,347
E14001001,Totnes,E12000009,South West,K04000001,England and Wales,26/09/2019,01/04/2016,285,277,8,1,2%,259,225,337,298,394,243,125,278,308
E14001002,Tottenham,E12000007,London,K04000001,England and Wales,26/09/2019,01/04/2016,57,23,34,13,18%,15,74,154,181,5,5,49,14,10
E14001003,Truro and Falmouth,E12000009,South West,K04000001,England and Wales,26/09/2019,01/04/2016,300,284,16,0,0%,322,309,422,273,458,80,51,339,276
E14001004,Tunbridge Wells,E12000008,South East,K04000001,England and Wales,26/09/2019,01/04/2016,474,474,0,0,0%,453,463,446,476,362,385,272,461,423
E14001005,Twickenham,E12000007,London,K04000001,England and Wales,26/09/2019,01/04/2016,502,489,13,0,0%,486,502,531,525,235,306,155,484,428
E14001006,Tynemouth,E12000001,North East,K04000001,England and Wales,26/09/2019,01/04/2016,315,334,-19,3,5%,275,235,387,175,517,494,482,329,240
E14001007,Uxbridge and South Ruislip,E12000007,London,K04000001,England and Wales,26/09/2019,01/04/2016,374,379,-5,0,0%,331,427,386,344,165,264,337,263,274
E14001008,Vauxhall,E12000007,London,K04000001,England and Wales,26/09/2019,01/04/2016,144,95,49,0,0%,116,226,444,180,2,49,7,28,16
E14001009,Wakefield,E12000003,Yorkshire and The Humber,K04000001,England and Wales,26/09/2019,01/04/2016,161,161,0,8,13%,167,130,104,114,208,406,293,183,215
E14001010,Wallasey,E12000002,North West,K04000001,England and Wales,26/09/2019,01/04/2016,51,87,-36,18,31%,68,38,190,32,277,532,132,80,100
E14001011,Walsall North,E12000005,West Midlands,K04000001,England and Wales,26/09/2019,01/04/2016,21,31,-10,27,47%,17,24,5,89,100,322,195,15,52
E14001012,Walsall South,E12000005,West Midlands,K04000001,England and Wales,26/09/2019,01/04/2016,65,64,1,16,27%,42,50,49,141,149,274,142,68,70
E14001013,Walthamstow,E12000007,London,K04000001,England and Wales,26/09/2019,01/04/2016,137,69,68,2,3%,77,168,288,210,10,8,50,73,40
E14001014,Wansbeck,E12000001,North East,K04000001,England and Wales,26/09/2019,01/04/2016,129,169,-40,10,19%,150,77,136,113,370,379,525,131,287
E14001015,Wantage,E12000008,South East,K04000001,England and Wales,26/09/2019,01/04/2016,508,500,8,0,0%,492,503,410,503,500,235,473,474,507
E14001016,Warley,E12000005,West Midlands,K04000001,England and Wales,26/09/2019,01/04/2016,55,49,6,8,14%,31,62,61,81,144,199,65,62,28
E14001017,Warrington North,E12000002,North West,K04000001,England and Wales,26/09/2019,01/04/2016,202,205,-3,7,11%,227,169,204,107,220,452,231,247,238
E14001018,Warrington South,E12000002,North West,K04000001,England and Wales,26/09/2019,01/04/2016,386,371,15,3,5%,389,331,401,232,360,423,289,420,380
E14001019,Warwick and Leamington,E12000005,West Midlands,K04000001,England and Wales,26/09/2019,01/04/2016,418,410,8,0,0%,407,420,439,311,354,334,286,409,320
E14001020,Washington and Sunderland West,E12000001,North East,K04000001,England and Wales,26/09/2019,01/04/2016,95,106,-11,15,25%,74,54,72,41,387,347,524,89,84
E14001021,Watford,E12000006,East of England,K04000001,England and Wales,26/09/2019,01/04/2016,400,389,11,0,0%,376,393,426,361,336,150,253,380,329
E14001022,Waveney,E12000006,East of England,K04000001,England and Wales,26/09/2019,01/04/2016,145,160,-15,10,15%,162,113,68,191,331,395,209,162,249
E14001023,Wealden,E12000008,South East,K04000001,England and Wales,26/09/2019,01/04/2016,440,465,-25,0,0%,474,479,379,497,507,99,385,475,476
E14001024,Weaver Vale,E12000002,North West,K04000001,England and Wales,26/09/2019,01/04/2016,246,244,2,10,18%,241,174,263,201,365,339,358,238,314
E14001025,Wellingborough,E12000004,East Midlands,K04000001,England and Wales,26/09/2019,01/04/2016,268,267,1,3,5%,251,234,147,315,203,266,408,246,270
E14001026,Wells,E12000009,South West,K04000001,England and Wales,26/09/2019,01/04/2016,333,350,-17,2,3%,359,313,318,350,421,137,276,401,367
E14001027,Welwyn Hatfield,E12000006,East of England,K04000001,England and Wales,26/09/2019,01/04/2016,394,412,-18,0,0%,377,417,384,375,378,141,500,335,361
E14001028,Wentworth and Dearne,E12000003,Yorkshire and The Humber,K04000001,England and Wales,26/09/2019,01/04/2016,85,97,-12,14,22%,108,47,46,65,161,495,454,124,147
E14001029,West Bromwich East,E12000005,West Midlands,K04000001,England and Wales,26/09/2019,01/04/2016,54,60,-6,12,22%,50,51,44,112,174,168,107,66,68
E14001030,West Bromwich West,E12000005,West Midlands,K04000001,England and Wales,26/09/2019,01/04/2016,41,44,-3,15,28%,28,42,27,73,114,184,159,44,34
E14001031,West Dorset,E12000009,South West,K04000001,England and Wales,26/09/2019,01/04/2016,367,393,-26,0,0%,416,398,378,404,491,136,164,428,445
E14001032,West Ham,E12000007,London,K04000001,England and Wales,26/09/2019,01/04/2016,96,56,40,3,4%,62,167,269,169,3,3,72,49,8
E14001033,West Lancashire,E12000002,North West,K04000001,England and Wales,26/09/2019,01/04/2016,277,248,29,6,10%,225,204,300,164,271,298,428,248,213
E14001034,West Suffolk,E12000006,East of England,K04000001,England and Wales,26/09/2019,01/04/2016,325,325,0,0,0%,404,416,145,351,309,35,373,415,362
E14001035,West Worcestershire,E12000005,West Midlands,K04000001,England and Wales,26/09/2019,01/04/2016,373,366,7,1,2%,385,363,431,399,466,66,173,372,432
E14001036,Westminster North,E12000007,London,K04000001,England and Wales,26/09/2019,01/04/2016,213,76,137,3,5%,71,175,459,260,71,16,6,39,26
E14001037,Westmorland and Lonsdale,E12000002,North West,K04000001,England and Wales,26/09/2019,01/04/2016,444,449,-5,0,0%,512,485,452,374,526,273,103,517,508
E14001038,Weston-Super-Mare,E12000009,South West,K04000001,England and Wales,26/09/2019,01/04/2016,229,223,6,8,11%,192,141,227,230,270,387,384,209,246
E14001039,Wigan,E12000002,North West,K04000001,England and Wales,26/09/2019,01/04/2016,125,143,-18,11,17%,143,85,109,79,210,481,416,179,154
E14001040,Wimbledon,E12000007,London,K04000001,England and Wales,26/09/2019,01/04/2016,513,512,1,0,0%,509,530,533,505,295,410,141,495,385
E14001041,Winchester,E12000008,South East,K04000001,England and Wales,26/09/2019,01/04/2016,523,528,-5,0,0%,525,511,493,509,502,292,494,525,526
E14001042,Windsor,E12000008,South East,K04000001,England and Wales,26/09/2019,01/04/2016,515,510,5,0,0%,520,528,499,526,332,251,455,509,488
E14001043,Wirral South,E12000002,North West,K04000001,England and Wales,26/09/2019,01/04/2016,331,385,-54,2,4%,361,262,474,185,520,514,329,396,390
E14001044,Wirral West,E12000002,North West,K04000001,England and Wales,26/09/2019,01/04/2016,322,361,-39,3,7%,327,246,472,165,508,519,394,375,311
E14001045,Witham,E12000006,East of England,K04000001,England and Wales,26/09/2019,01/04/2016,420,408,12,0,0%,388,381,293,423,456,171,433,389,379
E14001046,Witney,E12000008,South East,K04000001,England and Wales,26/09/2019,01/04/2016,512,516,-4,0,0%,513,520,409,484,510,348,479,498,506
E14001047,Woking,E12000008,South East,K04000001,England and Wales,26/09/2019,01/04/2016,482,492,-10,0,0%,484,497,443,477,384,304,392,460,477
E14001048,Wokingham,E12000008,South East,K04000001,England and Wales,26/09/2019,01/04/2016,533,532,1,0,0%,531,531,516,532,417,269,510,521,532
E14001049,Wolverhampton North East,E12000005,West Midlands,K04000001,England and Wales,26/09/2019,01/04/2016,63,51,12,13,23%,23,35,50,95,184,200,170,26,73
E14001050,Wolverhampton South East,E12000005,West Midlands,K04000001,England and Wales,26/09/2019,01/04/2016,40,28,12,15,27%,14,19,15,98,67,226,158,19,49
E14001051,Wolverhampton South West,E12000005,West Midlands,K04000001,England and Wales,26/09/2019,01/04/2016,172,188,-16,6,11%,139,119,266,190,249,317,180,190,157
E14001052,Worcester,E12000005,West Midlands,K04000001,England and Wales,26/09/2019,01/04/2016,266,276,-10,8,13%,293,298,273,268,311,183,167,281,275
E14001053,Workington,E12000002,North West,K04000001,England and Wales,26/09/2019,01/04/2016,177,195,-18,7,15%,238,151,144,172,333,357,188,271,284
E14001054,Worsley and Eccles South,E12000002,North West,K04000001,England and Wales,26/09/2019,01/04/2016,78,99,-21,17,26%,92,75,141,42,229,434,283,105,124
E14001055,Worthing West,E12000008,South East,K04000001,England and Wales,26/09/2019,01/04/2016,338,335,3,0,0%,340,277,280,236,319,496,248,351,386
E14001056,Wycombe,E12000008,South East,K04000001,England and Wales,26/09/2019,01/04/2016,424,435,-11,0,0%,371,408,346,515,344,257,470,388,348
E14001057,Wyre and Preston North,E12000002,North West,K04000001,England and Wales,26/09/2019,01/04/2016,463,478,-15,0,0%,490,448,527,248,488,455,345,524,424
E14001058,Wyre Forest,E12000005,West Midlands,K04000001,England and Wales,26/09/2019,01/04/2016,228,237,-9,4,6%,245,198,171,297,247,161,206,234,289
E14001059,Wythenshawe and Sale East,E12000002,North West,K04000001,England and Wales,26/09/2019,01/04/2016,53,54,-1,26,41%,63,63,96,12,140,354,216,72,74
E14001060,Yeovil,E12000009,South West,K04000001,England and Wales,26/09/2019,01/04/2016,304,313,-9,1,1%,354,334,245,324,350,158,197,347,374
E14001061,York Central,E12000003,Yorkshire and The Humber,K04000001,England and Wales,26/09/2019,01/04/2016,364,339,25,1,2%,350,379,297,330,234,391,131,292,254
E14001062,York Outer,E12000003,Yorkshire and The Humber,K04000001,England and Wales,26/09/2019,01/04/2016,530,530,0,0,0%,530,518,505,470,527,366,472,530,525
